afb = af b <af.b@company.com>
alpha0010 = alpha na <alpha.na@company.com>
artoj = artoj ne <artoj.ne@company.com>
biplab = biplab nq <biplab.nq@company.com>
bluehazzard = bluehazzard nb <bluehazzard.nb@company.com>
byo = byo nc <byo.nc@company.com>
byo_spoon = byo spoon <byo.spoon@company.com>
ceniza = ceniza ne <ceniza.ne@company.com>
cyberkoa = cyberkoa nf <cyberkoa.nf@company.com>
damienlmoore = damienlmoore ng <damienlmoore.ng@company.com>
daniel2000 = daniel2000 nh <daniel2000.nh@company.com>
d_anselmi = d_anselmi ni <d_anselmi.ni@company.com>
danselmi = danselmi nj <danselmi.nj@company.com>
dje = dje nk <dje.nk@company.com>
dmoore = dmoore nm <dmoore.nm@company.com>
fuscated = fuscated ab <fuscated.ab@company.com>
httpd = httpd bc <httpd.bc@company.com>
jenslody = jenslody be <jenslody.be@company.com>
killerbot = killerbot bf <killerbot.bf@company.com>
loaden = loaden abs <loaden.abs@company.com>
mandrav = mandrav mb <mandrav.mb@company.com>
mariocupelli = mariocupelli ma <mariocupelli.ma@company.com>
mhaggag = mhaggag ms <mhaggag.ms@company.com>
mispunt = mispunt mg <mispunt.mg@company.com>
mortenmacfly = mortenmacfly mh <mortenmacfly.mh@company.com>
(no author) = (no author) <(no author)@company.com>
ollydbg = ollydbg st <ollydbg.st@company.com>
pecanh = pecanh sf <pecanh.sf@company.com>
pecan = pecan sh <pecan.sh@company.com>
rickg22 = rickg22 gg <rickg22.gg@company.com>
sprat = sprat mf <sprat.mf@company.com>
thomas-denk = thomas denk <thomas.denk@company.com>
thomasdenk = thomas denk <thomas.denk@company.com>
tiwag = tiwag sf <tiwag.sf@company.com>
tpetrov = tpetrov sg <tpetrov.sg@company.com>
zlika = zlika mm <zlika.mm@company.com>
Prakash Vadaga = Prakash Vadaga <prakash.vadaga3@gmail.com>

